,page_name,text
0, ," .   BIX Tecnologia | Consultoria de Dados | Brasil                Ir para o conteúdo     Sobre nós Soluções Alternar menu  Engenharia de Dados Consultoria de Business Intelligence Consultoria de Ciência de Dados Sistemas Transformação Digital Cursos e Treinamentos Licenças Ferramentas Alternar menu  Google Cloud Databricks Qlik Sense PowerBI Python Carreiras Blog Semana de Dados Contato       Main Menu    Sobre nós Soluções Alternar menu  Engenharia de Dados Consultoria de Business Intelligence Consultoria de Ciência de Dados Sistemas Transformação Digital Cursos e Treinamentos Licenças Ferramentas Alternar menu  Google Cloud Databricks Qlik Sense PowerBI Python Carreiras Blog Semana de Dados Contato        O RESULTADO QUE SUA ORGANIZAÇÃO MERECE COM TECNOLOGIA DE PONTA  Garanta o crescimento da sua empresa por meio dos dados!  Oferecemos soluções em Engenharia de Dados, Business Intelligence, Ciência de Dados e Desenvolvimento de Sistemas.  Entre em contato                O que os seus dados têm a dizer?  A Análise de Dados é essencial para umaempresa conquistar resultados melhores. Quem aposta em uma cultura data-driven está melhor posicionada no mercado e alcançando seus objetivos.Pelos vários setores da economia, os clientes da BIX Tecnologia já conquistaram diversos frutos devido aos insights da Análise de Dados, como diminuição de custos, processos mais rápidos e eficientes e aumento nos lucros da organização.      Conheça o Método BIX   Cada empresa, setor e ramo de negócio tem características próprias que influenciam diretamente nas estratégias definidas. A solução desenvolvida sempre tem que servir à empresa. Após conhecer o seu negócio, definiremos as ferramentas e ações necessárias para a conquista dos objetivos desejados. Elas serão usadas em projetos estratégicos com entregas rápidas e impacto efetivo na organização.             Conte com um time completo para seus projetos!  Conheça nossas soluções        Engenharia de Dados  Construção de processos e estruturação dos dados para garantir uma jornada analítica de sucesso  Saiba mais     Consultoria de Business Intelligence  Desenvolvimento de projetos de Análise de Dados para a tomada de decisões mais eficientes  Saiba mais     Consultoria de Ciência de Dados  Soluções de Inteligência Artificial, Machine Learning e Estatística para Análises Avançadas  Saiba mais     Sistemas de Informação  Desenvolvimento de soluções completas e focadas nos seus objetivos de negócio  Saiba mais        Cursos e Treinamentos  Cursos completos para o domínio das principais técnicas e ferramentas de dados  Saiba mais      Transformação Digital  Inovação em todas as estruturas da sua empresa para você obter os melhores resultados  Saiba mais      Licenças  Implemente as principais ferramentas de dados do mercado dentro da sua organização  Saiba mais        A stack mais poderosa do mercado  Principais ferramentas que utilizamos                                      BIX Tecnologia em números     + 0 alunos treinados   + 0 horas de consultoria prestadas    0 anos de mercado          + de 60 empresas que faturam bilhões a startups  Conheça alguns dos nossos clientes                                   Pronto para a revolução guiada por dados?  Então, marque um café conosco! Poderemos conversar sobre as principais tendências da Análise de Dados e como a sua empresa pode começar a conquistar os benefícios da maneira mais rápida.A nossa equipe de consultores está sempre disposta a ajudar a disseminar a cultura de dados e capacitar profissionais de todas as instituições e setores!  Entre em contato                Consultoria de Dados com foco em resultados que atua de ponta a ponta na jornada analítica.  Engenharia de Dados Business Intelligence Ciência de Dados Sistemas de Informação Cursos e Treinamentos Transformação Digital Licenças   Google Cloud Qlik Sense Power BI Python Databricks   Carreiras Blog Sobre nós Contato Campus BIX Semana de Dados Internacional             "
1, blog ," blog .   Blog | BIX Tecnologia               Ir para o conteúdo     Sobre nós Soluções Alternar menu  Engenharia de Dados Consultoria de Business Intelligence Consultoria de Ciência de Dados Sistemas Transformação Digital Cursos e Treinamentos Licenças Ferramentas Alternar menu  Google Cloud Databricks Qlik Sense PowerBI Python Carreiras Blog Semana de Dados Contato       Main Menu    Sobre nós Soluções Alternar menu  Engenharia de Dados Consultoria de Business Intelligence Consultoria de Ciência de Dados Sistemas Transformação Digital Cursos e Treinamentos Licenças Ferramentas Alternar menu  Google Cloud Databricks Qlik Sense PowerBI Python Carreiras Blog Semana de Dados Contato         BLOG DA BIX TECNOLOGIA             Pesquisar Pesquisar       Databricks, agora em parceria com a BIX Tecnologia   Equipe BIX Tecnologia 20 de julho de 2023 Databricks, a plataforma de Engenharia de Dados que combina os formatos Data Lake e Data Warehouse, é a mais nova parceria da BIX Tecnologia. Agora, Leia mais »   Noite dos Dados Joinville: Mais uma edição de sucesso  Equipe BIX Tecnologia 26 de junho de 2023 A Noite dos Dados chegou em Joinville no dia 22 de junho, com convidados especiais, temas quentes no mercado e cases de sucesso. Nessa edição, Leia mais »   Desvendando as diferenças entre Data Lake, Data Warehouse e Data Lakehouse  Equipe BIX Tecnologia 6 de junho de 2023 Na era do Big Data, as empresas enfrentam o desafio de gerenciar e aproveitar eficientemente grandes quantidades de informações para impulsionar o crescimento e obter Leia mais »   BIX Tecnologia recebe Troféu iNO.VC de “Startup do Ano”  Equipe BIX Tecnologia 30 de maio de 2023 É com enorme satisfação que anunciamos que a BIX Tecnologia foi reconhecida como Startup do Ano na terceira edição do Troféu iNO.VC, iniciativa promovida pelo Leia mais »   Noite dos Dados enche Centro de Inovação Blumenau mais uma vez  Equipe BIX Tecnologia 25 de maio de 2023 A Noite dos Dados voltou a Blumenau neste mês de maio e, mais uma vez, reuniu a comunidade da região, sempre com o objetivo de Leia mais »   IA Generativa 101: aprenda tudo sobre a tecnologia por trás do ChatGPT  Equipe BIX Tecnologia 19 de maio de 2023 Se você acompanha o noticiário tech, com certeza já ouviu falar em ferramentas como ChatGPT e Dall-E. Elas nada mais são do que exemplos de Leia mais »   Como desenvolver um perfil analítico?  Equipe BIX Tecnologia 11 de maio de 2023 O mercado de trabalho cada vez mais exige que os profissionais tenham um perfil analítico – um requisito que sempre aparece na lista de soft Leia mais »   IA no BBB 23: Como a tecnologia está transformando a experiência do espectador  Equipe BIX Tecnologia 26 de abril de 2023 A 23ª edição do Big Brother Brasil chegou ao fim na última terça-feira (25), sagrando a médica Amanda Meirelles como a grande campeã do programa. Leia mais »   The Manifest nomeia BIX Tech uma das agências de serviços de TI mais avaliadas em Miami  Equipe BIX Tecnologia 21 de março de 2023 A equipe BIX Tecnologia tem o orgulho de anunciar que nossa operação internacional, a BIX Tech, foi recentemente nomeada uma das empresas de serviços de Leia mais »  < Anterior Página1 Página2 Página3 … Página18 Seguinte >        Consultoria de Dados com foco em resultados que atua de ponta a ponta na jornada analítica.  Engenharia de Dados Business Intelligence Ciência de Dados Sistemas de Informação Cursos e Treinamentos Transformação Digital Licenças   Google Cloud Qlik Sense Power BI Python Databricks   Carreiras Blog Sobre nós Contato Campus BIX Semana de Dados Internacional             "
2, business intelligence ," business intelligence .   Business Intelligence | BIX Tecnologia               Ir para o conteúdo     Sobre nós Soluções Alternar menu  Engenharia de Dados Consultoria de Business Intelligence Consultoria de Ciência de Dados Sistemas Transformação Digital Cursos e Treinamentos Licenças Ferramentas Alternar menu  Google Cloud Databricks Qlik Sense PowerBI Python Carreiras Blog Semana de Dados Contato       Main Menu    Sobre nós Soluções Alternar menu  Engenharia de Dados Consultoria de Business Intelligence Consultoria de Ciência de Dados Sistemas Transformação Digital Cursos e Treinamentos Licenças Ferramentas Alternar menu  Google Cloud Databricks Qlik Sense PowerBI Python Carreiras Blog Semana de Dados Contato        CONSULTORIA DE BUSINESS INTELLIGENCE    USE TODO O PODER DOS SEUS DADOS E CONQUISTE GRANDES RESULTADOS!  Business Intelligence (BI), ou Inteligência de Negócios, consiste na análise de dados visando uma tomada de decisão cada vez mais rápida e efetiva, tornando o planejamento cada vez mais estratégico.        APLIQUE BUSINESS INTELLIGENCE AO SEU NEGÓCIO E MELHORE:       Gerenciamento da organização    Volume e lucratividade de vendas    Satisfação do empregado       Jornada do consumidor       Otimização de custos       Produtividade       BUSINESS INTELLIGENCE: TECNOLOGIA APLICADA A NEGÓCIOS   O time de BI da BIX Tecnologia atua de forma que visa ajudar o cliente a conquistar os objetivos da organização, independentemente do setor da economia em que atua ou em qual área da empresa será desenvolvido o projeto.Fazemos entregas de maneira rápida conforme a demanda e empregando a tecnologia e ferramenta necessárias. As soluções encontradas sempre se adequam à realidade da empresa – e não ao contrário.Desenvolvemos tanto projetos em escopo fechado, divididos em sprints e com entregas rápidas programadas, quanto em escopo aberto, através de um banco de horas para chamados específicos de suporte à aplicações.       MÉTODO D.A.R.     Os dados contêm as respostas para uma infinidade de perguntas consideradas essenciais para um negócio conquistar posições superiores. Diferentes níveis hierárquicos e setores de uma empresa possuem preocupações e particularidades específicas. Portanto, dificilmente uma mesma aplicação ou visualização atende a todos. Isso porque o excesso ou escassez de informações pode tanto distrair quanto atrapalhar um usuário – ou, pior, desinformá-lo. Por isso, para garantir que a atenção e as informações corretas sejam extraídas e aplicadas, o time de Business Intelligence da BIX Tecnologia utiliza três formas diferentes de exposição de informação:     Dashboards  Versão macro das informações da sua empresa. Um dashboard contém os KPI’s estratégicos para a tomada de decisão.    Analysis  Painéis com mais filtros, áreas e gráficos. Possui maior interatividade, permitindo uma maior exploração por parte do usuário.    Reporting  Um reporting possui uma maior quantidade de informações, contendo dados específicos sobre a organização e tabelas.         PROCESSO ANALÍTICO COMPLETO   Para que sejam obtidos os melhores insights com base em dados, a análise deve ser feita com eficiência desde o começo.Por exemplo: todo o processo de higienização das informações, bem como a conexão de diversas fontes não pode ser feito com descuido. Por conta disso, a BIX atua em mais áreas necessárias para a plena análise de dados:         Visualização de dados – Qlik Sense e Power BI  Trata-se da representação de informações por meio de elementos e formatos visuais, como gráficos ou tabelas. Possibilita a descoberta de relações, tendências e padrões no dados de uma empresa com acurácia e facilidade.         Distribuição Automatizada de Relatórios  É a entrega regular de informações para o usuário sem a necessidade de busca individual e repetida. Pode ser programada ou acionada por um evento em específico. Por ser customizável, pode relacionar e a análise de dados de diferentes áreas.        Catálogo de Dados  Funciona como um diretório de dados que possibilita ao usuário localizar, navegar por e combinar dados e informações rapidamente. Facilita a análise individual e independente em cima de tópicos específicos e projetos de negócios.         FUNCIONALIDADES DO BUSINESS INTELLIGENCE       Análises Geoespaciais    Visualizações e Análises Guiadas    Dashboards com Acesso Mobile       Relatórios Automatizados      Self-Service BI      Automação de Alertas         Conte com o poder do Business Intelligence para a conquista de resultados!  As estratégias de sua empresa se tornam muito mais efetivas quando as decisões são tomadas com base em dados.Entre em contato conosco e descubra como extrair o máximo de valor dos seus dados!  Entre em contato           Consultoria de Dados com foco em resultados que atua de ponta a ponta na jornada analítica.  Engenharia de Dados Business Intelligence Ciência de Dados Sistemas de Informação Cursos e Treinamentos Transformação Digital Licenças   Google Cloud Qlik Sense Power BI Python Databricks   Carreiras Blog Sobre nós Contato Campus BIX Semana de Dados Internacional            "
3, ciencia de dados ," ciencia de dados .   Ciência de Dados | BIX Tecnologia               Ir para o conteúdo     Sobre nós Soluções Alternar menu  Engenharia de Dados Consultoria de Business Intelligence Consultoria de Ciência de Dados Sistemas Transformação Digital Cursos e Treinamentos Licenças Ferramentas Alternar menu  Google Cloud Databricks Qlik Sense PowerBI Python Carreiras Blog Semana de Dados Contato       Main Menu    Sobre nós Soluções Alternar menu  Engenharia de Dados Consultoria de Business Intelligence Consultoria de Ciência de Dados Sistemas Transformação Digital Cursos e Treinamentos Licenças Ferramentas Alternar menu  Google Cloud Databricks Qlik Sense PowerBI Python Carreiras Blog Semana de Dados Contato        CONSULTORIA DE CIÊNCIA DE DADOS      AS MAIS MODERNAS TECNOLOGIAS UNIDAS PARA SE OBTER AS ANÁLISES MAIS COMPLEXAS!  Todas as decisões tomadas por uma empresa envolvem investimento tanto financeiro quanto de tempo. A Ciência de Dados é a aliada mais importante para tornar este processo mais certeiro e efetivo na conquista dos resultados que todos desejam.Isso porque a BIX Tecnologia busca sempre conhecer o negócio e as características de cada cliente. Essa postura, unida a um time de profissionais experientes, resulta em projetos de valor inquestionável.          TECNOLOGIAS ENVOLVIDAS NA CIÊNCIA DE DADOS       Inteligência Artificial  É o uso da computação para a construção de máquinas capazes de executar tarefas que dependiam da inteligência humana. Os progressos dessa tecnologia estão mudando a realidade de todos os setores em que é empregada.    Machine Learning  Como o próprio nome dessa tecnologia sugere, são máquinas (Inteligência Artificial) aprendendo com dados. Os algoritmos criados conseguem identificar padrões e realizar previsões.     Análise de Dados  Diferentes processos que visam a extração de conhecimento de dados de diversos perfis e origens. Pode ser empregada como a mais importante aliada para a conquista de resultados melhores.      Estatística  Forma de conhecimento matemático que pode ser empregada junto a tecnologia para a resolução de problemas complexos dentro da sua empresa.       ANÁLISE PREDITIVA E ANÁLISE PRESCRITIVA     Durante muito tempo, as pessoas acreditaram que, para se antever eventos que ainda não aconteceram, seriam necessárias “técnicas sobrenaturais”. Hoje, já não há mais mistério. Com a junção de conhecimento matemático e modernas tecnologias, é possível prever o futuro.A Análise Preditiva usa a estatística para prever cenários futuros. Em outras palavras, entender o que vai acontecer com a sua empresa ou instituição. É importante para se confirmar hipóteses ou responder a perguntas complexas que dependem de diversas variáveis.Já a Análise Prescritiva fornece sugestões de ações a serem tomadas e dá conselhos com base em cenários futuros. Ela ajuda a entender o que a sua empresa deve fazer. É possível simular diferentes cenários para se obter os melhores resultados em campanhas, processos ou produtos.       CICLO DE UM PROJETO DE CIÊNCIA DE DADOS              APLICAÇÕES DE CIÊNCIA DE DADOS EM PROJETOS       Recomendação de Itens    Prevenção de Fraude    Segmentação de Público       Manutenção de Equipamentos       Planejamento Estratégico e Previsão de Demanda       Prevenção de Churn e Turnover       Todo o poder dos dados para fazer a sua empresa evoluir!  As tecnologias mais modernas utilizadas lado a lado com a matemática e a análise de dados podem responder perguntas, resolver problemas e prever o futuro.Entre em contato conosco e veja como a Ciência de Dados pode te ajudar!  Entre em contato             Consultoria de Dados com foco em resultados que atua de ponta a ponta na jornada analítica.  Engenharia de Dados Business Intelligence Ciência de Dados Sistemas de Informação Cursos e Treinamentos Transformação Digital Licenças   Google Cloud Qlik Sense Power BI Python Databricks   Carreiras Blog Sobre nós Contato Campus BIX Semana de Dados Internacional            "
4, contato , contato .   Contato | BIX Tecnologia               Ir para o conteúdo     Sobre nós Soluções Alternar menu  Engenharia de Dados Consultoria de Business Intelligence Consultoria de Ciência de Dados Sistemas Transformação Digital Cursos e Treinamentos Licenças Ferramentas Alternar menu  Google Cloud Databricks Qlik Sense PowerBI Python Carreiras Blog Semana de Dados Contato       Main Menu    Sobre nós Soluções Alternar menu  Engenharia de Dados Consultoria de Business Intelligence Consultoria de Ciência de Dados Sistemas Transformação Digital Cursos e Treinamentos Licenças Ferramentas Alternar menu  Google Cloud Databricks Qlik Sense PowerBI Python Carreiras Blog Semana de Dados Contato        ENTRE EM CONTATO       A SUA JORNADA RUMO À REVOLUÇÃO GUIADA POR DADOS COMEÇA AQUI  A nossa equipe de consultores está pronta para te atender e conversar sobre como você pode começar a conquistar resultados melhores para a sua empresa ou dar um passo na sua carreira usando os conhecimento de Análise de Dados.        Preencha o formulário abaixo! Nossa equipe irá respondê-lo assim que possível.        Nome *  Email *   Telefone *  Empresa *   Mensagem *   Estou de acordo com a política de uso de dados da BIX Tecnologia           ONDE NOS ENCONTRAR     Florianópolis (Matriz)     Telefone: (48) 99659 5490 contato@bixtecnologia.com.br    Flórida – Coral Gables     Phone: +1 954 607 7944            Consultoria de Dados com foco em resultados que atua de ponta a ponta na jornada analítica.  Engenharia de Dados Business Intelligence Ciência de Dados Sistemas de Informação Cursos e Treinamentos Transformação Digital Licenças   Google Cloud Qlik Sense Power BI Python Databricks   Carreiras Blog Sobre nós Contato Campus BIX Semana de Dados Internacional            
5, cursos e treinamentos ," cursos e treinamentos .   Cursos e Treinamentos | BIX Tecnologia               Ir para o conteúdo     Sobre nós Soluções Alternar menu  Engenharia de Dados Consultoria de Business Intelligence Consultoria de Ciência de Dados Sistemas Transformação Digital Cursos e Treinamentos Licenças Ferramentas Alternar menu  Google Cloud Databricks Qlik Sense PowerBI Python Carreiras Blog Semana de Dados Contato       Main Menu    Sobre nós Soluções Alternar menu  Engenharia de Dados Consultoria de Business Intelligence Consultoria de Ciência de Dados Sistemas Transformação Digital Cursos e Treinamentos Licenças Ferramentas Alternar menu  Google Cloud Databricks Qlik Sense PowerBI Python Carreiras Blog Semana de Dados Contato        CURSOS E TREINAMENTOS     DOMINE AS PRINCIPAIS TÉCNICAS E FERRAMENTAS DE ANÁLISE DE DADOS!  A Análise de Dados possui um potencial enorme de transformar e melhorar os mais diversos setores da economia. Só que para que isso aconteça, são necessários profissionais capacitados e que saibam usar os conhecimentos em prol da instituição ou empresa. Visando difundir expertises, a BIX Tecnologia oferece cursos completos para que você evolua ainda mais em sua carreira e possua um currículo diferenciado e ambicionado.As ementas são planejadas com o objetivo de fornecer os conhecimentos e expertises necessárias para que os alunos consigam fazer entregas mais sofisticadas e também mudar o próprio ambiente de trabalho.Os cursos são sempre oferecidos com instrutores experientes no atendimento a grandes empresas. Também, para enriquecer o processo de aprendizagem, é possível sempre tirar dúvidas e realizar exercícios práticos.             NOSSO PORTFÓLIO DE CURSOS E TREINAMENTOS       Qlik Sense Básico: Análise de Negócios      Qlik Sense Avançado: Arquiteto de Dados      Data Science e Machine Learning no Qlik Sense       Análise e Cultura de Dados      Power BI      Pentaho       NPrinting      Geoanalytics      QlikView       Mashups      Administrador de Sistemas       Pronto para dominar a análise de dados?  Entre em contato conosco para falar mais sobre os cursos e treinamentos! Poderemos conversar sobre a criação de uma data ainda indisponível no calendário, uma versão In Company de algum curso ou até mesmo a sugestão de um conteúdo totalmente novo.Também podemos negociar pacotes e descontos especiais para os treinamentos presenciais!  Entre em contato           Consultoria de Dados com foco em resultados que atua de ponta a ponta na jornada analítica.  Engenharia de Dados Business Intelligence Ciência de Dados Sistemas de Informação Cursos e Treinamentos Transformação Digital Licenças   Google Cloud Qlik Sense Power BI Python Databricks   Carreiras Blog Sobre nós Contato Campus BIX Semana de Dados Internacional            "
6, databricks ," databricks .   Databricks | BIX Tecnologia               Ir para o conteúdo     Sobre nós Soluções Alternar menu  Engenharia de Dados Consultoria de Business Intelligence Consultoria de Ciência de Dados Sistemas Transformação Digital Cursos e Treinamentos Licenças Ferramentas Alternar menu  Google Cloud Databricks Qlik Sense PowerBI Python Carreiras Blog Semana de Dados Contato       Main Menu    Sobre nós Soluções Alternar menu  Engenharia de Dados Consultoria de Business Intelligence Consultoria de Ciência de Dados Sistemas Transformação Digital Cursos e Treinamentos Licenças Ferramentas Alternar menu  Google Cloud Databricks Qlik Sense PowerBI Python Carreiras Blog Semana de Dados Contato        DATABRICKS       CONTE COM UM AMBIENTE COLABORATIVO E HÍBRIDO PARA SEUS PROJETOS!  Utiize uma plataforma unificada em Cloud para simplificar o ciclo de vida completo dos seus dados – sejam eles estruturados, semiestruturados ou não estruturados – e garantir os melhores resultados para a sua organização!          O QUE É DATABRICKS?     O Databricks é uma plataforma unificada em Cloud, projetada para simplificar o ciclo de vida completo dos dados. Ele combina perfeitamente recursos de Engenharia de Dados, com capacidades de construção de pipelines (ou seja, as etapas de processamento de dados), orquestração de ETLs e processamento de grandes volumes de dados. Além disso, a ferramenta facilita a criação de clusters (agrupamentos), governança de dados, desenvolvimento e gestão de algoritmos de Machine Learning. – tudo isso em um ambiente colaborativo e intuitivo!Nesse sentido, uma das características mais marcantes do Databricks é o conceito de Data Lakehouse, que combina as vantagens de um Data Lake (em português, “Lago de Dados”) com a confiabilidade de um Data Warehouse (ou “Armazém de Dados”). Por meio dessa abordagem híbrida, é possível armazenar, processar e analisar dados brutos (camada bronze), tratados (camada silver) e com regras de negócio aplicadas (camada gold) em um único local. Desse modo, pode-se garantir a integridade dos dados e a capacidade de consulta avançada.               POR QUE ESCOLHER O DATABRICKS?       Combina as funcionalidades de Data Lake e Data Warehouse  Ideal para lidar com grandes volumes de dados  Armazenamento de dados estruturados, semiestruturados e não estruturados  Capaz de lidar com diferentes linguagens de programação      Alto potencial de escalabilidade  Plataforma colaborativa e interativa  Possibilidade de integração com outras plataformas  Ideal para integação com BI, relatórios, projetos de Machine Learning e Ciência de Dados        DÚVIDAS SOBRE A FERRAMENTA?  Com Databricks, você pode armazenar, limpar e visualizar grandes quantidades de dados vindos de diferentes fontes. A plataforma oferece suporte a Machine Learning, SQL, streaming de dados, processamento de gráficos e muito mais. As soluções são ágeis e simples de usar!Se você busca otimizar os processos e aprender a extrair o potencial máximo dos seus dados, confira o Q&A que a nossa equipe desenvolveu sobre Databricks e descubra se essa é a ferramenta ideal para a sua organização!           Acelere sua transformação digital com a ajuda do Databricks!  Gostou desta ferramenta? Marque um horário conosco para ver uma demonstração de uso do Databricks e discutir como a ferramenta pode se alinhar a sua estratégia de negócio e auxiliar na conquista de resultados.  Entre em contato         Consultoria de Dados com foco em resultados que atua de ponta a ponta na jornada analítica.  Engenharia de Dados Business Intelligence Ciência de Dados Sistemas de Informação Cursos e Treinamentos Transformação Digital Licenças   Google Cloud Qlik Sense Power BI Python Databricks   Carreiras Blog Sobre nós Contato Campus BIX Semana de Dados Internacional            "
7, engenharia de dados ," engenharia de dados .   Engenharia de Dados | BIX Tecnologia               Ir para o conteúdo     Sobre nós Soluções Alternar menu  Engenharia de Dados Consultoria de Business Intelligence Consultoria de Ciência de Dados Sistemas Transformação Digital Cursos e Treinamentos Licenças Ferramentas Alternar menu  Google Cloud Databricks Qlik Sense PowerBI Python Carreiras Blog Semana de Dados Contato       Main Menu    Sobre nós Soluções Alternar menu  Engenharia de Dados Consultoria de Business Intelligence Consultoria de Ciência de Dados Sistemas Transformação Digital Cursos e Treinamentos Licenças Ferramentas Alternar menu  Google Cloud Databricks Qlik Sense PowerBI Python Carreiras Blog Semana de Dados Contato        ENGENHARIA DE DADOS     O USO DA TECNOLOGIA PARA ADAPTAR A SUA REALIDADE À RAPIDEZ DO MUNDO DIGITAL  A compreensão da abundância de dados e informações gerados por um negócio é fundamental para uma gestão assertiva. A Engenharia de Dados é responsável por captar e processar o grande volume de dados de forma ágil e eficaz, tornando as informações mais acessíveis a toda a organização.Os resultados atingidos pela adoção das práticas de Engenharia de Dados permitem guiar o trabalho para o crescimento do negócio. Assim, criam-se soluções otimizadas e extrai-se todo o poder das informações geradas pela sua empresa.          SOLUÇÕES DE ENGENHARIA DE DADOS EM PROJETOS       Filtrar e transformar dados  Identificar os dados relevantes para o projeto e torná-los legíveis e utilizáveis para o desenvolvimento de modelos de dados    Desenvolver ETLs diversas  Integração de fontes e facilitação da transferência e do armazenamento de dados     Potencializar a Arquitetura de Big Data  Simplificar as análises e o monitoramento do grande fluxo de dados, lidando com a ingestão, processamento e análise destes    Construir Data Warehouse  Centralizar dados de diferentes fontes e estruturar um armazém de dados, direcionando todas as informações para o destino desejado         COMO ADOTAR A ENGENHARIA DE DADOS EM EMPRESAS       A BIX Tecnologia trabalha acompanhando de perto seus clientes para garantir aplicações de Big Data estratégica para cada empresa. Buscamos criar parcerias duradouras, sempre entregando consultorias embasadas nas tecnologias e no modelo do seu negócio, focando nos resultados que você quer atingir. Nosso objetivo é entregar informações valiosas, feitas “sob medida” para sua realidade. Quando adotamos a Engenharia de Dados, é preciso passar por determinadas etapas com precisão e rigor para que, ao finalizar o processo, tenhamos uma solução eficaz e útil a sua gestão e ao alcance de suas metas. A partir destas práticas, é possível atingir um gerenciamento baseado em dados legíveis e úteis. Com a Engenharia de Dados, podemos construir infraestruturas que permitam análises específicas para nossas metas.        ""Se um operador humano tiver que tocar seu sistema durante as operações, então você tem um bug.” — Carla Geisser, Google SRE.        BENEFÍCIOS DA ENGENHARIA DE DADOS       Integrar bases de dados e unificar informações    Aplicar a Governança de Dados, garantindo segurança e qualidade    Adequar a infraestrutura para a legibilidade das informações       Tornar os dados acessíveis para toda a empresa       Descobrir oportunidades e identificar problemas com rapidez       Filtrar dados confiáveis e direcionados às metas e resultados       POR QUE SUA EMPRESA PRECISA DE ENGENHARIA DE DADOS?      As empresas podem ir além do sistema Extrair, Transformar e Carregar (ETL). A partir do armazenamento qualificado de dados, é possível criar fluxos para alcançar resultados nas mais variadas vertentes, desde decisões de marketing até prever quais produtos serão mais vendidos na próxima coleção, por exemplo. Para isso, utilizam-se infraestruturas tecnológicas arquitetadas pela Engenharia de Dados.      O processamento e a manutenção de Big Data necessita de gerenciamento de um engenheiro de dados. Essas práticas permitem coordenar data warehouses ou lakes, montar pipelines expansivos e exclusivos para um objetivo específico da empresa e organizar a imensidão de dados produzida em curtos períodos de tempo.        Garantir a qualidade, segurança e usabilidade dos dados de uma empresa é parte da função de gerenciamento que a Engenharia de Dados propõe. Criar uma infraestrutura de dados para organizar seu negócio e permitir análises focadas em resultados é fundamental na era digital.       Use os dados para alavancar seus resultados!  A soma de tecnologia e métodos que ajudam sua empresa a compreender os dados gerados, de modo democrático e acessível, para ampliar os conhecimentos sobre o seu negócio.Entre em contato conosco e saiba como usar os seus dados da melhor maneira!  Entre em contato               Consultoria de Dados com foco em resultados que atua de ponta a ponta na jornada analítica.  Engenharia de Dados Business Intelligence Ciência de Dados Sistemas de Informação Cursos e Treinamentos Transformação Digital Licenças   Google Cloud Qlik Sense Power BI Python Databricks   Carreiras Blog Sobre nós Contato Campus BIX Semana de Dados Internacional            "
8, google cloud ," google cloud .   Google Cloud Platform | BIX Tecnologia               Ir para o conteúdo     Sobre nós Soluções Alternar menu  Engenharia de Dados Consultoria de Business Intelligence Consultoria de Ciência de Dados Sistemas Transformação Digital Cursos e Treinamentos Licenças Ferramentas Alternar menu  Google Cloud Databricks Qlik Sense PowerBI Python Carreiras Blog Semana de Dados Contato       Main Menu    Sobre nós Soluções Alternar menu  Engenharia de Dados Consultoria de Business Intelligence Consultoria de Ciência de Dados Sistemas Transformação Digital Cursos e Treinamentos Licenças Ferramentas Alternar menu  Google Cloud Databricks Qlik Sense PowerBI Python Carreiras Blog Semana de Dados Contato        GOOGLE CLOUD PLATFORM       CONQUISTE NOVAS OPORTUNIDADES DE MERCADO ATRAVÉS DA COMPUTAÇÃO EM NUVEM!  Use as ferramentas de dados do Google para levar as suas informações até a nuvem de forma escalável e integrada ao processo analítico do seu negócio.          O QUE É O GOOGLE CLOUD?     O Google Cloud é uma plataforma que oferece serviços escalonáveis de computação na nuvem. Criada pela Google em 2008, está em constante desenvolvimento e oferece uma infraestrutura confiável para criar e colocar em prática diferentes aplicações. A plataforma possui diversas ferramentas voltadas para análise de dados e aprendizado de máquinas, abrange serviços de aplicação, armazenamento e computação em nuvem para soluções de back-end, móveis, web e IoT.Ideal para quem planeja iniciar o uso da nuvem nos negócios ou, ainda, pretende migrar sua estratégia de nuvem atual, a plataforma oferece benefícios para empresas que desejam usar a arquitetura em nuvem. Além disso, a possibilidade de personalização do Google Cloud torna a ferramenta compatível com empresas de todos os tamanhos e setores.As soluções oferecidas pela plataforma permitem participar de novos modelos de negócios e conquistar novas oportunidades de mercado. O Google Cloud possibilita automatizar processos, reduzir custos, gerar previsões assertivas, otimizar estratégias e simplificar operações com segurança e praticidade para o uso nos negócios.               POR QUE ESCOLHER O GOOGLE CLOUD?       Plataforma que usa código aberto, várias nuvens e nuvem híbrida  Solução de nuvem aberta que oferece consistência entre nuvens públicas e privadas  Apresenta uma maior economia de escala cobrando apenas o que o usuário utilizar  Estrutura que promove um desenvolvimento rápido e a modernização      Maximiza insights com o Machine Learning e análises avançadas  Permite reunir as informações do seu negócio em um único ambiente que escala conforme necessidade  A plataforma conta com um modelo de segurança completo e proporciona ampla proteção aos dados de clientes        CONFIRA MAIS CONTEÚDOS SOBRE GOOGLE CLOUD!       [WEBINAR] VERTEX AI: A nova plataforma de IA do Google      [BLOG] 7 passos para criar uma Inteligência Artificial no Google Vertex AI      [WEBINAR] Como montar um pipeline de Big Data em Python na Cloud       Acelere sua transformação digital com Google Cloud!  Gostou desta ferramenta? Marque um horário conosco para ver uma demonstração de uso do Google Cloud e discutir como esta ferramenta pode se alinhar a sua estratégia de negócio e auxiliar na conquista de resultados.  Entre em contato         Consultoria de Dados com foco em resultados que atua de ponta a ponta na jornada analítica.  Engenharia de Dados Business Intelligence Ciência de Dados Sistemas de Informação Cursos e Treinamentos Transformação Digital Licenças   Google Cloud Qlik Sense Power BI Python Databricks   Carreiras Blog Sobre nós Contato Campus BIX Semana de Dados Internacional            "
9, licencas ," licencas .   Licenças | BIX Tecnologia               Ir para o conteúdo     Sobre nós Soluções Alternar menu  Engenharia de Dados Consultoria de Business Intelligence Consultoria de Ciência de Dados Sistemas Transformação Digital Cursos e Treinamentos Licenças Ferramentas Alternar menu  Google Cloud Databricks Qlik Sense PowerBI Python Carreiras Blog Semana de Dados Contato       Main Menu    Sobre nós Soluções Alternar menu  Engenharia de Dados Consultoria de Business Intelligence Consultoria de Ciência de Dados Sistemas Transformação Digital Cursos e Treinamentos Licenças Ferramentas Alternar menu  Google Cloud Databricks Qlik Sense PowerBI Python Carreiras Blog Semana de Dados Contato        LICENÇAS     GARANTA A MELHOR FERRAMENTA PARA A SUA ORGANIZAÇÃO!  Nenhuma empresa ou instituição busca uma tecnologia apenas pela tecnologia em si. Elas querem uma solução que traga resultados positivos de fato. Na Análise de Dados, não é diferente.O processo de escolha da ferramenta correta para a execução de um projeto deve ser feito de maneira inteligente e consciente para que sirva na conquista de resultados – e não se torne uma complicação desnecessária.          PARCEIROS DE TECNOLOGIA      A BIX Tecnologia atua sempre como a sua parceira de tecnologia e negócios e, por isso, ajuda na escolha da ferramenta e licença necessárias. Entre os fatores que são levados em consideração, estão o número de usuários e infraestrutura necessária, por exemplo.Também auxiliamos no processo de implementação, manutenção e consultoria na ferramenta escolhida. Assim, é possível obter o máximo de resultado!         CONHEÇA ALGUMAS DAS FERRAMENTAS QUE OFERECEMOS LICENÇAS       QlikView  Software de Business Intelligence e análises guiadas de dados    Qlik Sense  Ferramenta mais completa de Análise de Dados     Nprinting  Automatização de relatórios    Qlik Catalog  Gerenciamento moderno de dados corporativos            Vamos falar sobre a melhor licença para o seu negócio?  Sentiu falta de alguma ferramenta ou quer saber mais sobre as que mostramos aqui? Entre em contato conosco!Vamos sempre te ajudar na busca da transformação digital e para extrair o máximo dos seus dados.  Entre em contato           Consultoria de Dados com foco em resultados que atua de ponta a ponta na jornada analítica.  Engenharia de Dados Business Intelligence Ciência de Dados Sistemas de Informação Cursos e Treinamentos Transformação Digital Licenças   Google Cloud Qlik Sense Power BI Python Databricks   Carreiras Blog Sobre nós Contato Campus BIX Semana de Dados Internacional            "
10, powerbi ," powerbi .   Power BI | BIX Tecnologia               Ir para o conteúdo     Sobre nós Soluções Alternar menu  Engenharia de Dados Consultoria de Business Intelligence Consultoria de Ciência de Dados Sistemas Transformação Digital Cursos e Treinamentos Licenças Ferramentas Alternar menu  Google Cloud Databricks Qlik Sense PowerBI Python Carreiras Blog Semana de Dados Contato       Main Menu    Sobre nós Soluções Alternar menu  Engenharia de Dados Consultoria de Business Intelligence Consultoria de Ciência de Dados Sistemas Transformação Digital Cursos e Treinamentos Licenças Ferramentas Alternar menu  Google Cloud Databricks Qlik Sense PowerBI Python Carreiras Blog Semana de Dados Contato        POWER BI       CONTE COM O PODER DA FERRAMENTA MAIS POPULAR DE INTELIGÊNCIA DE NEGÓCIOS!  Conheça o potencial da ferramenta de Business Intelligence que mais cresce no mercado e comece a jornada de dados!          O QUE É O POWER BI?   O Power BI é um software de Business Intelligence lançado em 2015 pela Microsoft. Oferece recursos ligados a data warehouse, visualizações interativas, desenvolvimento de aplicações e descoberta de insights. Esta ferramenta é a líder do quadrante mágico da Gartner em plataformas de análise e inteligência de negócios. Talvez a mais popular ferramenta do segmento, o Microsoft Power BI segue crescendo rapidamente por conta de sua usabilidade simples para quem já dominava outras ferramentas da Microsoft, como o Excel. Isso leva profissionais e empresas de diferentes portes a iniciarem e construírem a jornada de análise de dados. O usuário encontra, nesta ferramenta, dispositivos que o ajudam a lidar com grandes volumes de informações. Os recursos do Power BI podem estar presentes em diversas etapas dos projetos de análise de dados e Business Intelligence. Os desenvolvedores conseguem explorar novos insights e entregar a gestores a possibilidade de tomar decisões se baseando nas técnicas de inteligência de negócios. Com o Microsoft Power BI, o profissional consegue desenvolver gráficos, dashboards e relatórios com liberdade e usando recursos para entregar a melhor visualização das informações de uma empresa. Tendo a clareza na apresentação e confiança nos dados, é possível começar a desenvolver uma cultura data-driven dentro da sua organização.               DIFERENCIAIS DO POWER BI E CASES            CONFIRA MAIS CONTEÚDOS SOBRE POWER BI!       [WEBINAR] Por que usar Storytelling e UX Design no Power BI?      [BLOG] Vamos construir uma solução de procurement com Power BI      [WEBINAR] Ganhando mais insights: do Excel para o Power BI       Veja como o Power BI pode auxiliar a sua empresa!  Gostou desta ferramenta? Marque um horário conosco para ver uma demonstração de uso do Microsoft Power BI e discutir como esta ferramenta pode se alinhar a sua estratégia de negócio e auxiliar na conquista de resultados.  Entre em contato         Consultoria de Dados com foco em resultados que atua de ponta a ponta na jornada analítica.  Engenharia de Dados Business Intelligence Ciência de Dados Sistemas de Informação Cursos e Treinamentos Transformação Digital Licenças   Google Cloud Qlik Sense Power BI Python Databricks   Carreiras Blog Sobre nós Contato Campus BIX Semana de Dados Internacional            "
11, python ," python .   Python | BIX Tecnologia               Ir para o conteúdo     Sobre nós Soluções Alternar menu  Engenharia de Dados Consultoria de Business Intelligence Consultoria de Ciência de Dados Sistemas Transformação Digital Cursos e Treinamentos Licenças Ferramentas Alternar menu  Google Cloud Databricks Qlik Sense PowerBI Python Carreiras Blog Semana de Dados Contato       Main Menu    Sobre nós Soluções Alternar menu  Engenharia de Dados Consultoria de Business Intelligence Consultoria de Ciência de Dados Sistemas Transformação Digital Cursos e Treinamentos Licenças Ferramentas Alternar menu  Google Cloud Databricks Qlik Sense PowerBI Python Carreiras Blog Semana de Dados Contato        PYTHON     CONTE COM UMA LINGUAGEM DE PROGRAMAÇÃO POPULAR PARA TRABALHAR COM CIÊNCIA DE DADOS!  Uma linguagem de programação completa para transformação digital e projetos de ciência de dados.          O QUE É O PYTHON?   Lançado em 1991, o Python é uma linguagem de programação de alto nível. É muito popular entre os profissionais de tecnologia da informação por conta do seu grande número de aplicações e por ser open source e desenvolvido de forma comunitária. É gerenciado pela Python Software Foundation, uma organização sem fins lucrativos.Com linguagem rápida, grande potencial de escalabilidade, estrutura e sintaxe eficientes e intuitivas, a participação do Python em projetos que envolvam Análise e Ciência de Dados vem crescendo muito nos últimos anos. Dentre as próprias várias aplicações possíveis, as bibliotecas relacionadas à Data Analysis têm atingido importante grau de maturidade.Recursos relacionados a visualização de dados estão presentes no Python, permitindo aos usuários criar dashboards e gráficos interativos. Por conta disso, as informações que uma empresa possui se tornam muito mais acessíveis e democráticas, fazendo com que profissionais de diversos setores consigam começar a tomar decisões e traçar estratégias com base em dados. Além disso, o uso do Python possibilita ao profissional, por exemplo,  minerar e modelar dados, usar Machine Learning e desenvolver sistemas web. Essas são ações necessárias e fundamentais em projetos de ciência de dados.                 POR QUE ESCOLHER O PYTHON?       Disponibilidade de vários frameworks prontos  Open Source  Liberdade para desenvolver      Pode ser uma linguagem comum para os projetos de dados e produtos para a web  Ampla comunidade de usuários        CONFIRA MAIS CONTEÚDOS SOBRE PYTHON!       [BLOG] 5 melhores bibliotecas Python para iniciantes em análise de dados      [WEBINAR] Tratamento de dados com Python      [WEBINAR] Como montar um pipeline de Big Data em Python na Cloud       Veja como o Python pode auxiliar a sua organização!  Gostou desta ferramenta? Marque um horário conosco para ver uma demonstração do Python e discutir como esta ferramenta pode se alinhar a sua estratégia de negócio e auxiliar na conquista de resultados!  Entre em contato         Consultoria de Dados com foco em resultados que atua de ponta a ponta na jornada analítica.  Engenharia de Dados Business Intelligence Ciência de Dados Sistemas de Informação Cursos e Treinamentos Transformação Digital Licenças   Google Cloud Qlik Sense Power BI Python Databricks   Carreiras Blog Sobre nós Contato Campus BIX Semana de Dados Internacional            "
12, qliksense ," qliksense .   Qlik Sense | BIX Tecnologia               Ir para o conteúdo     Sobre nós Soluções Alternar menu  Engenharia de Dados Consultoria de Business Intelligence Consultoria de Ciência de Dados Sistemas Transformação Digital Cursos e Treinamentos Licenças Ferramentas Alternar menu  Google Cloud Databricks Qlik Sense PowerBI Python Carreiras Blog Semana de Dados Contato       Main Menu    Sobre nós Soluções Alternar menu  Engenharia de Dados Consultoria de Business Intelligence Consultoria de Ciência de Dados Sistemas Transformação Digital Cursos e Treinamentos Licenças Ferramentas Alternar menu  Google Cloud Databricks Qlik Sense PowerBI Python Carreiras Blog Semana de Dados Contato        QLIK SENSE       CONTE COM UMA FERRAMENTA ROBUSTA PARA OBTER OS MELHORES RESULTADOS!  A mais completa ferramenta de análise de dados do mercado usada para conquistar resultados e aumentar os ganhos em toda a sua organização!          O QUE É O QLIK SENSE?   O Qlik Sense é uma ferramenta presente no quadrante mágico da Gartner e criada pela Qlik, empresa de softwares fundada na Suécia em 1993. Oferece produtos de ponta a ponta na análise de dados, incluindo integração de dados, Business Intelligence e análises avançadas. Como é a mais completa ferramenta de Análise de Dados e Business Intelligence, o Qlik Sense possibilita que diversas fontes de informação sejam associadas e que se crie visualizações com autonomia e de forma completa. Desta forma, o usuário passa por uma jornada individual de descoberta através de dados.É muito indicado para profissionais que desejam ter uma visão completa das informações da própria empresa ou instituição também extraindo o máximo de conhecimento possível destes dados. O conhecimento gerado pelo Qlik Sense, seja por meio de gráficos, tabelas, relatórios ou outras visualizações, leva a um melhor conhecimento do próprio negócio, permitindo a identificação e conquista de novos e melhores resultados. Isso tudo sem a necessidade de conhecer programação ou de uma equipe de profissionais de TI, porque o Qlik Sense é uma ferramenta intuitiva e self-service: O próprio usuário assume o papel de desenvolvedor.Entre outras ferramentas desenvolvidas pela Qlik, estão o QlikView, ideal para análises guiadas e profissionais que precisam de Business Intelligence em tarefas diárias; o Nprinting, ferramenta de distribuição automatizada de relatórios; o Qlik GeoAnalytics, para análises georrefenciais e o Qlik Catalog, para gestão de dados corporativos. Todas elas são também oferecidas pela BIX Tecnologia.               POR QUE ESCOLHER O QLIK SENSE?       Ferramenta robusta e ideal para projetos arrojados  Funcionalidades rápidas, resultando em ganho de performance e otimização de tempo  Licenças já preveem escalabilidade  Navegação em desktops, tablets ou smartphone (mobile)      Self-service, podendo levar uma cultura de dados a todos os níveis de uma organização  Ideal para projetos corporativos  Facilmente integrado com R e Python  Usuário escolhe a infraestrutura/servidor        CONFIRA MAIS CONTEÚDOS SOBRE QLIK SENSE!       [CURSO] Desenvolvedor Qlik Sense    [CURSO] Data Science no Qlik Sense    [WEBINAR] Big Data no Qlik Sense    [BLOG] O Qlik Day foi um sucesso         Veja como o Qlik Sense pode ajudar a sua empresa!  Gostou desta ferramenta? Marque um horário conosco para ver uma demonstração do Qlik Sense e discutir como esta ferramenta pode se alinhar a sua estratégia de negócio e auxiliar na conquista de resultados.  Entre em contato         Consultoria de Dados com foco em resultados que atua de ponta a ponta na jornada analítica.  Engenharia de Dados Business Intelligence Ciência de Dados Sistemas de Informação Cursos e Treinamentos Transformação Digital Licenças   Google Cloud Qlik Sense Power BI Python Databricks   Carreiras Blog Sobre nós Contato Campus BIX Semana de Dados Internacional            "
13, sistemas ," sistemas .   Sistemas de Informação | BIX Tecnologia               Ir para o conteúdo     Sobre nós Soluções Alternar menu  Engenharia de Dados Consultoria de Business Intelligence Consultoria de Ciência de Dados Sistemas Transformação Digital Cursos e Treinamentos Licenças Ferramentas Alternar menu  Google Cloud Databricks Qlik Sense PowerBI Python Carreiras Blog Semana de Dados Contato       Main Menu    Sobre nós Soluções Alternar menu  Engenharia de Dados Consultoria de Business Intelligence Consultoria de Ciência de Dados Sistemas Transformação Digital Cursos e Treinamentos Licenças Ferramentas Alternar menu  Google Cloud Databricks Qlik Sense PowerBI Python Carreiras Blog Semana de Dados Contato        SISTEMAS     OBTENHA A SOLUÇÃO COMPLETA PARA O SEU PROJETO!  Ter todas as etapas operantes é essencial para o sucesso do seu projeto de dados. Para atingir os melhores resultados e aproveitar todo o potencial das suas análises, garantir a acessibilidade aos dados e as informações geradas é fundamental. É preciso que as aplicações de dados estejam acompanhadas do desenvolvimento de sistemas, possibilitando uma gestão de informações otimizada, com uma visualização compreensível e uma disponibilização do produto funcional e eficaz. Quer trabalhar com dados? A BIX Tecnologia oferece a solução completa para a sua empresa, de forma personalizada, com as características do negócio.           APLICAÇÕES DE SISTEMAS NOS NEGÓCIOS       Automatização de processos      Digitalização de processos manuais      Produtização de soluções       Desenvolvimento de soluções distribuíveis    Visualização inteligente           SOLUÇÕES DE SISTEMAS EM PROJETOS       Application Programming Interface (APIs)  APIs são um conjunto de padrões que compõem uma interface. São elas que permitem o transporte de dados entre um cliente e um servidor. As APIs possibilitam a criação de plataformas de modo ágil e simplificado para os desenvolvedores. É possível criar softwares, aplicativos, programas e plataformas diversas.    Web Scraping  Uma técnica que permite extrair dados para análise de modo automatizado, utilizando bots e possibilitando a coleta de uma quantidade expressiva de dados em pouco tempo. As informações geradas a partir do web scraping podem ser utilizadas para embasar tomadas de decisão de forma assertiva e inteligente.     Desenvolvimento Web  Criação de um software, seja sistema, aplicativo ou site, que está conectado a uma rede. Hoje, a maior parcela do que é desenvolvido é feito para web, permitindo conectividade, integração entre diferentes softwares e ações com resultados instantâneos.      Desenvolvimento Mobile  O desenvolvimento mobile é destaque no mercado por conta da acessibilidade aos dispositivos móveis, como os smartphones. Essa é uma ótima opção para o uso cotidiano devido à portabilidade e a praticidade.       CICLO DE UM PROJETO DE SISTEMAS              FERRAMENTAS UTILIZADAS        FastAPI  Uma ferramenta moderna e de alta performance para a construir APIs com Python 3.6+.É um dos mais velozes frameworks de Python, tornando o processo de codificar mais rápido e reduzindo as possibilidades de erros.        Django  Um framework web full stack open source (código aberto) de alto nível e baseado em Python. Foi desenvolvido para solucionar problemas em aplicações web, suporta projetos escaláveis e aplicações robustas.        React  Uma biblioteca JavaScript flexível e de código aberto para o desenvolvimento de interfaces de usuário (UI). Tornou-se uma das principais escolhas para o front-end por permitir que os desenvolvedores trabalhem em um browser visual.       Utilize todo o poder dos dados de ponta a ponta!  Amplie sua solução de dados de maneira personalizada e inteligente.Entre em contato conosco e saiba como obter uma solução ainda mais completa em análise de dados.  Entre em contato             Consultoria de Dados com foco em resultados que atua de ponta a ponta na jornada analítica.  Engenharia de Dados Business Intelligence Ciência de Dados Sistemas de Informação Cursos e Treinamentos Transformação Digital Licenças   Google Cloud Qlik Sense Power BI Python Databricks   Carreiras Blog Sobre nós Contato Campus BIX Semana de Dados Internacional            "
14, sobre nos ," sobre nos .   Quem somos | BIX Tecnologia | Consultoria de Dados               Ir para o conteúdo     Sobre nós Soluções Alternar menu  Engenharia de Dados Consultoria de Business Intelligence Consultoria de Ciência de Dados Sistemas Transformação Digital Cursos e Treinamentos Licenças Ferramentas Alternar menu  Google Cloud Databricks Qlik Sense PowerBI Python Carreiras Blog Semana de Dados Contato       Main Menu    Sobre nós Soluções Alternar menu  Engenharia de Dados Consultoria de Business Intelligence Consultoria de Ciência de Dados Sistemas Transformação Digital Cursos e Treinamentos Licenças Ferramentas Alternar menu  Google Cloud Databricks Qlik Sense PowerBI Python Carreiras Blog Semana de Dados Contato        SOBRE A BIX TECNOLOGIA      Somos uma consultoria de dados com foco em negócios e na conquista de resultados. Utilizamos as principais ferramentas e tecnologias do mercado no desenvolvimento de projetos que ajudam os nossos clientes a extrair o máximo de valor de seus dados e se transformar digitalmente. Dessa forma, acreditamos que se otimiza a gestão de processos e pessoas, o que facilita e melhora a vida de todos.A BIX Tecnologia foi fundada na cidade de Florianópolis, em 2014, pelo engenheiro Felipe Santos Eberhardt. À época, Felipe percebeu a necessidade do mercado de começar a usar dados para a criação de estratégias mais eficientes e tomada de decisões assertivas. Sem investidores ou aceleradoras, começou a conquistar clientes, aumentar a equipe e desenvolver diversos projetos de inteligência de negócios.De lá para cá, nosso crescimento foi sólido. Tudo isso, graças a uma equipe com perfil analítico e formação nas principais áreas da tecnologia, conquistando clientes em todo o Brasil, desenvolvendo projetos nos mais diversos setores das organizações e com um completo e vasto portfólio que engloba as várias verticais da economia.                                  QUAIS OS NOSSOS VALORES?   Pessoas em primeiro lugar  Clientes como parceiros  Diversidade   Crescimento sustentável e escalável  Integridade e transparência  Autonomia da equipe        CONHEÇA A CULTURA DA BIX TECNOLOGIA    Todas as conquistas da BIX Tecnologia só são possíveis por conta da sua equipe de colaboradores de perfil analítico, apaixonados pela conquista de resultados e com desejo de crescimento. Por conta disso, possui toda uma cultura interna que visa o desenvolvimento pessoal e profissional de quem escolhe trabalhar aqui.Para que isso seja alcançado, alguns princípios são fundamentais e já passados para os funcionários na primeira semana de trabalho. Entre eles, está o “Completed Staff Work”, que evidencia a aposta em cada funcionário para desenvolver tarefas com independência e autonomia. Outro, “How Will You Measure Your Life”, baseado em livro do mesmo nome, aponta que o sucesso profissional não pode ser o único objetivo de uma pessoa e que a empresa deve ajudá-la a conquistar seus sonhos. A felicidade só é alcançada com qualidade de vida e junto da família e amigos.O ambiente colaborativo também é fator determinante para o sucesso do profissional e da empresa. Entre os momentos de integração, estão os encontros semanais de toda a equipe chamados de “Hora BIX”, em que os membros relatam os acontecimentos da semana em sua vida pessoal e um colaborador apresenta algum conteúdo que possa enriquecer no desenvolvimento dos colegas – o que é essencial para outro pilar da cultura interna, a gestão de conhecimento.Os consultores possuem plano de carreira com passos para crescimento que vão desde certificações técnicas com reconhecimento mundial nas ferramentas líderes de mercado até a oportunidade de ingressar no quadro de sócios de empresa.Além disso, também possuímos um código de integridade que incentiva boas relações e práticas entre a própria equipe e também no contato com clientes, empresas e instituições. Ele prevê, por exemplo, um forte combate à corrupção e também processos seletivos transparentes e inclusivos.       NOSSA LINHA DO TEMPO      Responsive Vertical Timeline    Ano de consolidação e uma grata expansão! Batemos as metas todos os meses e atingimos o moonshot no final do ano. A equipe dobrou, o trabalho remoto tornou-se oficial, obtivemos novas certificações e ainda foi criada uma nova frente de trabalho: o chapter de Sistemas! Também ocorreu a primeira edição da Semana de Dados, evento que trouxe alguns dos maiores nomes da Análise de Dados no país, promoveu certificações e entregou uma semana de muito conteúdo para o público.  2021  A pandemia de Covid-19 fez com que enfrentássemos desafios incomparáveis a nível pessoal e profissional. Sempre colocando pessoas em primeiro lugar, a BIX adotou o modelo de trabalho remoto e fez questão de não desligar ninguém – enquanto a maioria do mercado estava demitindo em massa para poupar gastos. Essa postura se mostrou humana e estratégica, já que foi o ano em que tivemos o maior número de novos clientes até então. Essa chegada de desafios levou a BIX a se dividir em chapters para melhor organização e também ganhamos um espaço filial em Joinville. Para celebrar a força da nossa comunidade em meio aos tempos de isolamento físico, fizemos a primeira edição da BIX-Con, evento on-line para celebrar a equipe, clientes e parceiros. No evento, também ocorreu o lançamento da derivada Data Driven Organization, focada em promover e democratizar a cultura de dados.   2020   A BIX começou a se relacionar mais intensamente com o ecossistema de Tecnologia. Nos filiamos a Acate (Associação Catarinense de Tecnologia), participamos de encontros, demos palestras para instituições e universidades e também organizamos eventos gratuitos e treinamentos. Criamos a nossa primeira solução derivada, a OPME Digital, ferramenta que visa levar a transformação digital para as compras e licitações na área da Saúde. Comemoramos aniversário de 5 anos e nos mudamos para mais uma nova sede – três vezes maior que a anterior. Em ambas as celebrações, foi possível reunir colegas, familiares, amigos e parceiros. Todos sempre muito importantes em nossa jornada.  2019  O ano Moonshot! Superando até as metas iniciais, a equipe aumentou, desenvolveu projetos de diversos perfis diferentes e a BIX Tecnologia teve um crescimento de 138%. Conquistamos clientes e realizamos cases importantes na indústria e no varejo. Desenvolvemos projetos internacionais. Também participamos e vencemos a nossa primeira licitação – sendo, assim, o nosso primeiro cliente no setor público.   2018   Um ano de grandes mudanças para empresa. A primeira é que passou a se chamar oficialmente de BIX Tecnologia. Outra foi uma nova sede, com o dobro de tamanho da original. Um novo serviço foi adicionado ao portfólio da BIX: Treinamentos. Seja presencialmente, in company ou EaD (por meio do Campus BIX), é por meio dos cursos que conseguimos levar os nossos conhecimentos para um público maior e democratizar a análise de dados.  2017  Igor Gois, colega da faculdade de Felipe e analista de dados com experiência em grandes organizações, veio integrar o quadro de sócios da empresa. Com a chegada dele, começou a ser desenvolvida a cultura interna da equipe , trazendo, por exemplo, a importância de reuniões semanais e integração de todo o grupo. Os projetos de dados e Business Intelligence desenvolvidos pela equipe estavam se pulverizando por vários setores e chegando a importantes níveis de gestão. Essas ações foram importantíssimas para fazer com que, neste ano, o faturamento da empresa triplicasse.   2016   A palavra-chave para o ano de 2015 é consolidação. Eduardo Santos Eberhardt, irmão de Felipe, tornou-se sócio da empresa e reforçou os projetos que estavam sendo desenvolvidos. Estes, por sua vez, ganhavam cada vez mais importância dentro dos clientes, aumentando a relevância da marca e trazendo notoriedade e relevância no mercado. No final do ano, a empresa saiu da casa de Felipe e ganhou uma sala comercial própria. O escritório era localizado numa área estratégica: Próximo da Universidade Federal de Santa Catarina e também do centro de Florianópolis, cidade conhecida como Ilha do Silício.  2015  A nossa história começa em maio de 2014, quando o engenheiro de controle e automação Felipe Santos Eberhardt percebeu que havia um enorme potencial de crescimento para o mercado de análise de dados em Santa Catarina. Era possível dar um passo adiante na economia, já que as empresas ainda tinham uma visão conservadora em relação ao poder das informações e da inteligência de negócios.   2014         ESTAMOS EM TODOS OS CANTOS DO BRASIL!          Quer saber mais sobre a BIX? Então, entre em contato conosco!  Pode ser uma conversa sobre dados, conquista de resultados ou só um café para nos conhecermos melhor.  Entre em contato           Consultoria de Dados com foco em resultados que atua de ponta a ponta na jornada analítica.  Engenharia de Dados Business Intelligence Ciência de Dados Sistemas de Informação Cursos e Treinamentos Transformação Digital Licenças   Google Cloud Qlik Sense Power BI Python Databricks   Carreiras Blog Sobre nós Contato Campus BIX Semana de Dados Internacional            "
15, trabalhe conosco ," trabalhe conosco .   Trabalhe conosco | BIX Tecnologia               Ir para o conteúdo     Sobre nós Soluções Alternar menu  Engenharia de Dados Consultoria de Business Intelligence Consultoria de Ciência de Dados Sistemas Transformação Digital Cursos e Treinamentos Licenças Ferramentas Alternar menu  Google Cloud Databricks Qlik Sense PowerBI Python Carreiras Blog Semana de Dados Contato       Main Menu    Sobre nós Soluções Alternar menu  Engenharia de Dados Consultoria de Business Intelligence Consultoria de Ciência de Dados Sistemas Transformação Digital Cursos e Treinamentos Licenças Ferramentas Alternar menu  Google Cloud Databricks Qlik Sense PowerBI Python Carreiras Blog Semana de Dados Contato        TRABALHE CONOSCO      A BIX Tecnologia é uma consultoria de dados sediada em Florianópolis com atuação em todo o Brasil. Nós ajudamos empresas a conquistar resultados melhores em diversos segmentos. Isso só é possível, claro, graças às pessoas que integram o nosso time!                   VENHA FAZER PARTE DO NOSSO TIME!   A cultura interna da BIX Tecnologia é toda voltada para a valorização de quem faz parte da nossa equipe. Isso significa que queremos contribuir de verdade com o desenvolvimento tanto profissional quanto pessoal de cada integrante. Pode soar clichê, mas queremos ajudar a realizar sonhos!No âmbito profissional, criamos um ambiente em que cada funcionário é empoderado para desenvolver suas tarefas com independência e autonomia, além de receber o devido reconhecimento pelos resultados conquistados. Há também a prática de apoiarmos em cursos, certificações e novos projetos realizados pelos nossos membros.Só que o sucesso profissional é apenas um pilar da felicidade humana. A BIX sabe da importância e incentivamos momentos de qualidade com amigos e família. Também prezamos pela saúde física e mental de cada pessoa do nosso grupo.       CONHEÇA MAIS SOBRE A BIX TECNOLOGIA           O QUE A BIX TECNOLOGIA OFERECE?       Plano de saúde com plano odontológico  Cultura empresarial visando as pessoas  Participação nos resultados  Aulas on-line de conversação em inglês  Plano de carreira  Programa de Mentoria      Desenvolvimento acelerado  Aprendizado de ferramentas líderes de mercado  Reuniões 1on1  Happy Day (folga no aniversário)  Contato direto com líderes de grandes empresas  Hora BIX, integrações e Happy Hours  Plataforma de terapia e saúde mental        Já fizemos palestras em universidades e outras instituiçõesHoje, temos um time espalhado por todo o Brasil!Da esquerda para a direita: Isabella Machado, Evelyse Porto e Luiz Gabriel Braun, do time de Marketing, ao lado de Felipe Santos Eberhardt, CEO da BIX TecnologiaSempre nos reunimos de forma online para celebrar conquistas e compartilhar aprendizados A BIX sempre incentiva a cobertura e participação em eventosMomentos de integração com toda a equipe fazem parte do nosso calendárioEsse é Daniel, que começou como estagiário na BIX em 2015 e é um dos sócios da BIX hojeAssim foi o aniversário de 5 anos da BIXJá fizemos palestras em universidades e outras instituiçõesHoje, temos um time espalhado por todo o Brasil!Da esquerda para a direita: Isabella Machado, Evelyse Porto e Luiz Gabriel Braun, do time de Marketing, ao lado de Felipe Santos Eberhardt, CEO da BIX TecnologiaSempre nos reunimos de forma online para celebrar conquistas e compartilhar aprendizados A BIX sempre incentiva a cobertura e participação em eventosMomentos de integração com toda a equipe fazem parte do nosso calendárioEsse é Daniel, que começou como estagiário na BIX em 2015 e é um dos sócios da BIX hojeAssim foi o aniversário de 5 anos da BIX         QUEM É VOCÊ?   Os melhores times de futebol do mundo chegam a esse patamar justamente porque possuem os melhores jogadores em campo. Seguindo a mesma lógica, a BIX tem como meta só contratar craques!Estamos falando de pessoas audaciosas que veem na BIX uma parceira para a realização de seus sonhos e a possibilidade de trabalhar com o que mais gosta!O nosso processo seletivo é voltado para garantir isso, buscando por profissionais com experiências e capacidades técnicas, mas que também prezam as habilidades humanas, também chamadas de soft skills.      QUAIS AS SUAS CARACTERÍSTICAS?     Curiosidade  Perfil autodidata  Trabalha em equipe com sinergia e proatividade  Ótima comunicação oral e escrita  Inglês fluente        CONHEÇA NOSSOS ESQUADRÕES       Engenharia de Dados  É o time responsável pelo começo da jornada de dados. Sua função é criar estruturas eficientes para que as informações possam ser analisadas. Isso envolve, por exemplo, APIs, banco de dados, data warehouse, arquiteturae pipelines confiáveis, etc.      Business Intelligence  Os consultores de BI são apaixonados por negócios e usam a análise de dados para que os clientes possam tomar decisões com mais eficiência. É necessário ter perfil analítico, lógica afiada e conhecer as principais técnicas de analytics.      Ciência de Dados  Nossos cientistas de dados amam desafios ligados à tecnologia e desenvolvem análises avançadas visando a conquista de resultados. Possuem competências ligadas às áreas de Inteligência Artificial, Machine Learning e adoram conhecer e se aprimorar nas novidades do universo tech.      Sistemas  Os desenvolvedores da BIX topam desafios relacionados a sistemas de aquisição de dados e interface entre usuários e dados. São especialistas na construção de aplicações web e mobile, capazes de lidar com a captura de dados de equipamentos diversos, além de APIs e integração de sistemas.       Administrativo/Financeiro  É quem garante que os processos internos das BIX ocorram da forma mais eficiente, sempre trazendo novos olhares e caminhos. Atuam com o financeiro ou a gestão de pessoas, por exemplo, entre outras atividades.      Comunicação  Profissionais de Marketing, Design, Audiovisual, Publicidade e Propaganda, Relações Públicas e Jornalismo são ambicionados. O objetivo é fazer a marca BIX crescer e tornar as nossas expertises cada vez mais difundidas.      Comercial  O time é composto por profissionais que são rápidos em identificar os desafios dos leads e também reconhecer novas oportunidades. Atuam por todo o processo, do pré-vendas a revendas, com atividades de Inside Sales e Field Sales.      Confira as nossas vagas abertas!         Consultoria de Dados com foco em resultados que atua de ponta a ponta na jornada analítica.  Engenharia de Dados Business Intelligence Ciência de Dados Sistemas de Informação Cursos e Treinamentos Transformação Digital Licenças   Google Cloud Qlik Sense Power BI Python Databricks   Carreiras Blog Sobre nós Contato Campus BIX Semana de Dados Internacional            "
16, transformacao digital ," transformacao digital .   Transformação Digital | BIX Tecnologia               Ir para o conteúdo     Sobre nós Soluções Alternar menu  Engenharia de Dados Consultoria de Business Intelligence Consultoria de Ciência de Dados Sistemas Transformação Digital Cursos e Treinamentos Licenças Ferramentas Alternar menu  Google Cloud Databricks Qlik Sense PowerBI Python Carreiras Blog Semana de Dados Contato       Main Menu    Sobre nós Soluções Alternar menu  Engenharia de Dados Consultoria de Business Intelligence Consultoria de Ciência de Dados Sistemas Transformação Digital Cursos e Treinamentos Licenças Ferramentas Alternar menu  Google Cloud Databricks Qlik Sense PowerBI Python Carreiras Blog Semana de Dados Contato        TRANSFORMAÇÃO DIGITAL     INOVAÇÃO ESTRATÉGICA E FOCADA EM RESULTADOS PARA TODA A EMPRESA!  A busca pela modernização sempre foi algo desejado por organizações de todos os tamanhos. Afinal, estar na frente da concorrência é essencial e empresas que possuem um viés inovador sempre são mais procuradas por clientes e pelo próprio mercado.Portanto, para evitar que os investimentos em novos processos e tecnologias sejam efêmeros, é necessário o envolvimento dos profissionais e líderes corretos e a avaliação das entregas que são feitas. Dessa forma a digitalização e modernização virão de maneira eficiente e as novidades do mercado serão alavancas para uma posição privilegiada de mercado.          EVOLUÇÃO TECNOLÓGICA     Quem melhor entende de um negócio é quem trabalha com ele. A experiência de um profissional ou líder é importantíssima, e as tecnologias não são superiores a isso. A digitalização e os novos processos não são substitutos, mas aliados únicos que, muito mais do que propor apenas mudanças, ajudam as empresas a dar um passo além.A automatização e digitalização de processos permite a união da experiência com métodos modernos. Por isso, a BIX Tecnologia possui um planejamento que leva em conta as características e objetivos da empresa para garantir os melhores resultados para todas as pessoas envolvidas.Somente com o ser humano sendo o centro das inovações é que se consegue atingir um estado real de transformação digital. Os projetos desenvolvidos por nós levam em conta a integração das equipes, bem como a comunicação entre os profissionais e o domínio das tecnologias do processo.       PESSOAS + SISTEMAS e OPERAÇÕES + PROJETOS            PASSO A PASSO DE PROJETOS DE TRANSFORMAÇÃO DIGITAL       1. Negócio  Para garantir que o projeto esteja alinhado à realidade da empresa, o primeiro passo é conhecer o negócio em questão. Por exemplo, entender como funcionam alguns processos e como melhorá-los.    2. Diagnóstico  O momento seguinte é reconhecer quais os ganhos que viriam com a implementação de tecnologias e digitalização de processos. Também, quais as ferramentas e sistemas que são os mais apropriados.    3. Alavancas   Dos processos que se beneficiaram com a adoção de novas tecnologias e abordagens, são elencados e priorizados aqueles que podem trazer os maiores resultados para a empresa no menor tempo possível.     4. Plano de Ação  Reconhecidas as ações a serem tomadas, é elaborado um planejamento que prevê entregas específicas e acompanhamento de etapas para a digitalização do produto ou automatização do serviço em questão.    5. Execução  Durante a execução do projeto, há uma adaptação mútua dos profissionais envolvidos e tecnologias usadas. Também ocorre a avaliação do que foi desenvolvido e o reconhecimento de novas oportunidades.    6. Resultados  A digitalização do processo começa a surtir os primeiros efeitos, sendo possível validar o processo. Dá-se início ao próximo passo do plano de ação ou expansão para outros setores da empresa.         CULTURA DE DADOS: PARTE DA TRANSFORMAÇÃO DIGITAL   Líderes e gestores de empresas que buscam obter o máximo das novas tecnologias e da transformação digital reconhecem a necessidade de estabelecer uma cultura de dados na organização. Os insights consequentes são importantíssimos na tomada de decisão e em vários outros processos.Cada vez mais, geramos uma quantidade maior de dados. Isso é consequência de aparelhos conectados que geram e armazenam uma quantidade crescente de informações a serem interpretadas. Extrair valor dessas informações não é só uma vantagem competitiva, mas a possibilidade de se conquistar resultados melhores e levar a empresa a patamares superiores.       A transformação digital já é realidade!  E você não vai ficar para trás, não é?Vamos conversar sobre como as tecnologias podem ajudar o seu negócio a conquistar resultados cada vez melhores!  Entre em contato           Consultoria de Dados com foco em resultados que atua de ponta a ponta na jornada analítica.  Engenharia de Dados Business Intelligence Ciência de Dados Sistemas de Informação Cursos e Treinamentos Transformação Digital Licenças   Google Cloud Qlik Sense Power BI Python Databricks   Carreiras Blog Sobre nós Contato Campus BIX Semana de Dados Internacional            "
17,o ,"o . BIX TecnologiaPular para o conteúdo principalAboutJobsKnow moreLogin as candidateBIX TecnologiaLogin as candidateQuem nós somos?Somos uma consultoria de dados, business intelligence e data science com foco em negócios e na conquista de resultados. Utilizamos como principais ferramentas e tecnologias do mercado no desenvolvimento de projetos que ajudam os nossos clientes a extrair o máximo de valor de seus dados e se transformar digitalmente. Dessa forma, acredito que se otimiza a gestão de processos e pessoas, o que facilita e melhora a vida de todos.Todas as conquistas da BIX Tecnologia só são possíveis por conta de sua equipe de colaboradores de perfil analítico, apaixonados pela conquista de resultados e com desejo de crescimento. Por conta disso, tenha toda uma cultura interna que visa o desenvolvimento pessoal e profissional de quem escolher trabalhar aqui.  ShareTweetNossas oportunidades Job TypesAllJob WorkplacesAllJob DepartmentsAll1 jobEstágio Comercial 100% RemotoFlorianópolis - SC and RemoteInternship1Conheça mais sobre a BixWebsiteLinkedInFacebookInstagramGlassdoorComo funciona nosso processo seletivo?Powered by Gupy 2023. All rights reserved.Por favor habilite os scripts para uma melhor experiência de usoBy clicking “Accept All Cookies”, you agree to the storing of cookies on your device to enhance site navigation, analyze site usage, and assist in our marketing efforts. Cookies Settings Reject All Accept All Cookies"
18,m ,"m .                    Semana de Dados | Evento Online        top of pageIr para o conteúdo principalInícioAgenda 2023ConvidadosSobreEventos AnterioresAgenda 2022Agenda 2021Convidados 2022Convidados 2021Inscreva-seMoreUse tab to navigate through the menu items.o evento de dados mais completo do brasil está de volta!A Semana de Dados 2023 já tem data marcada: 7 a 13 de agosto de 2023Inscreva-se agora na Semana de Dadosdados = resultadosA dinâmica em que os negócios acontecem mudou. ​ Atualmente, para atingir resultados relevantes e destacar-se no mercado, sua empresa precisa alcançar a excelência no uso de dados.   Na Semana de Dados, vamos trazer profissionais referências do mercado e eles vão compartilhar as melhores práticas que são utilizadas em suas empresas, para que você possa aprender e começar a aplicar na sua organização.Saiba mais x   Live Your Video Title Unmute                     00:01 00:15                     Uma semana, diversos temasINTELIGÊNCIA ARTIFICIALANALYTICSBIG DATACASES EM DADOS  agenda07 de agosto08 de agosto09 de agosto10 de agosto11 de agosto12 e 13 de agostoEm breve!   AberturaLuiz Gabriel BraunHead de Marketing • BIX Tecnologia  A Semana de Dados vai começar! Veja tudo o que vai rolar e programe-se para não perder nenhum conteúdo!Em breve!   Veja como a Análise de dados está presente em toda a cadeia de negócios. Confira cases de logística, na área jurídica e muito mais!  Tempestade de cases:Dados em todos os setores da economia  Conexão entre dados e iaEm breve!  Leandro RomualdoCoordenador de Ciência de Dados • TOTVS  Na Semana de Dados, Leandro vai compartilhar suas ideias, insights e experiências em uma apresentação sobre a Conexão entre dados e IA!Em breve!   Como a ia pode revolucionar o seu negócio  Aprenda como formar um time de IA em grandes empresas, otimizar investimentos, alcançar resultados impactantes por meio de estratégias bem-sucedidas em corporates!Sergio GaiottoChief Data Officer • Oi  organização  APOIOInscreva-seFale ConoscoSiga a BIX Tecnologia nas redesPágina inicial Programação Convidados Sobre o evento bottom of page            "
